Android 14,Linux aarch64,8,8,ARM,Mali-G57 MC2,360x806,Chrome/131.0.6778.14,2409:40e4:109b:dd22:2cc3:d96b:8c29:1941,Asia,India,Jharkhand,Hazaribagh,Reliance Jio Infocomm Limited,Reliance Jio Infocomm Limited,23.8811667 deg,86.1190367 deg,152.6999969482422 m,164.3 m,Not Available,Not Available
Android 14,Linux aarch64,8,8,ARM,Mali-G57 MC2,360x806,Chrome/131.0.6778.14,2409:40e4:109d:d8f:30b1:50f2:98de:ebf1,Asia,India,Bihar,Patna,Reliance Jio Infocomm Limited,Reliance Jio Infocomm Limited,23.8809433 deg,86.11925 deg,7.900000095367432 m,144.10000000000002 m,Not Available,Not Available
Android 14,Linux aarch64,8,8,ARM,Mali-G57 MC2,360x806,Chrome/131.0.6778.14,2409:40e4:109d:d8f:30b1:50f2:98de:ebf1,Asia,India,Bihar,Patna,Reliance Jio Infocomm Limited,Reliance Jio Infocomm Limited,23.880805 deg,86.1193567 deg,151.3000030517578 m,138.5 m,Not Available,Not Available
Win64,Win32,8,8,Google Inc. (Intel),"ANGLE (Intel, Intel(R) HD Graphics 3000 (0x00000126) Direct3D11 vs_4_1 ps_4_1, D3D11)",1536x864,Chrome/130.0.0.0,42.104.220.5,Asia,India,Maharashtra,Pune,Vodafone Idea Ltd. vil,Vodafone Idea Ltd. vil,23.8864019 deg,86.1149001 deg,3799.9990234375 m,Not Available,Not Available,Not Available
Android 14,Linux aarch64,8,8,ARM,Mali-G57 MC2,360x806,Chrome/131.0.6778.14,2409:40e4:109d:d8f:30b1:50f2:98de:ebf1,Asia,India,Bihar,Patna,Reliance Jio Infocomm Limited,Reliance Jio Infocomm Limited,23.8864019 deg,86.1149001 deg,3799.9990234375 m,Not Available,Not Available,Not Available
Win64,Win32,20,8,Google Inc. (NVIDIA),"ANGLE (NVIDIA, NVIDIA GeForce RTX 3050 Laptop GPU (0x000025A2) Direct3D11 vs_5_0 ps_5_0, D3D11)",1707x960,Chrome/130.0.0.0,2409:40c2:5056:d846:91ea:6652:e2e7:ed77,Asia,India,Maharashtra,Pune,Reliance Jio Infocomm Limited,Reliance Jio Infocomm Limited
Win64,Win32,20,8,Google Inc. (NVIDIA),"ANGLE (NVIDIA, NVIDIA GeForce RTX 3050 Laptop GPU (0x000025A2) Direct3D11 vs_5_0 ps_5_0, D3D11)",1707x960,Chrome/130.0.0.0,2409:40c2:5056:d846:91ea:6652:e2e7:ed77,Asia,India,Maharashtra,Pune,Reliance Jio Infocomm Limited,Reliance Jio Infocomm Limited
